Site Name,Abbreviation,monica_pop_ID,specimen_ID,Coordinates,mean_SLA,Elevation (ft),decade_mean_temp,decade_mean_total_winter_precip,decade_mean_maxVPD,decade_mean_dewpoint_temp,2024_mean_total_precip,2024_mean_temp,2024_mean_maxvpd,2024_mean_min_temp,2024_mean_max_temp,2024_mean_dewpoint
Ajo,AJ,NA,PCN04,N32.34544 W112.89507,19.31839627,1974,17.66388889,97.8662,25.24067,29.29667,80.26,17.38,24.496,10.98,23.78,1.36
Brown Mountain,BM,NA,PCN03,N32.24046 W111.16448,14.64234213,2778,15.16851667,125.3236,23.12017,28.32833,139.27,15.94,25.038,8.48,23.38,0.2
Lake Pleasant,LP,13,PCN09,N33.83519 W112.31607,20.33556249,1702,16.06851667,173.4058,23.41333,30.27667,119.66,17.52,23.604,12.02,23,1.54
Oro Valley,OV,NA,PCN01,N32.44015 W111.09814,21.66036503,2499,15.36111111,156.7434,23.72717,29.33833,151.09,15.9,24.452,8.52,23.3,0.92
Sonoran Desert NM,SD,5,PCN11,N32.77526 W112.25903,14.20525258,1918,14.15370556,105.3592,23.744,,125.66,14.64,23.05,6.12,23.2,1.46
Tres Alamos,TA,14,PCN08,N34.28003 W113.10229,19.04034239,2724,14.18703889,166.2684,20.71733,25.24667,110.57,14.54,20.884,8.22,20.84,-2.02
WildCat Pass,WP,12,PCN10,N33.84894 W111.83334,18.75732336,3265,14.62777778,188.7728,20.37833,26.35167,71.55,13.48,22.97,4.96,22,-2.56